"y","x","g"
3,-0.306638594078475,"1"
1,-1.78130843398,"1"
1,-0.171917355759621,"1"
26,1.2146746991726,"1"
13,1.89519346126497,"1"
3,-0.4304691316062,"1"
7,-0.25726938276893,"1"
2,-1.76316308519478,"1"
1,0.460097354831271,"1"
1,-0.639994875960119,"1"
2,0.455450123241219,"1"
18,0.704837337228819,"1"
9,1.03510352196992,"1"
4,-0.608926375407211,"1"
11,0.50495512329797,"1"
1,-1.71700867907334,"2"
0,-0.784459008379496,"2"
1,-0.850907594176518,"2"
0,-2.41420764994663,"2"
1,0.0361226068922556,"2"
2,0.205998600200254,"2"
1,-0.361057298548666,"2"
0,0.758163235699517,"2"
0,-0.726704827076575,"2"
1,-1.36828104441929,"2"
1,0.432818025888717,"2"
0,-0.811393176186672,"2"
6,1.44410126172125,"2"
2,-0.431446202613345,"2"
3,0.655647883402207,"2"
1,0.321925265203947,"3"
0,-0.783838940880375,"3"
6,1.57572751979198,"3"
0,0.642899305717316,"3"
5,0.0897606465996057,"3"
1,0.276550747291463,"3"
10,0.679288816055271,"3"
0,0.0898328865790817,"3"
1,-2.99309008315293,"3"
2,0.284882953530659,"3"
0,-0.367234642740975,"3"
2,0.185230564865609,"3"
5,0.581823727365507,"3"
0,1.39973682729268,"3"
0,-0.727292059474465,"3"
5,1.30254263204414,"4"
0,0.335848119752074,"4"
4,1.03850609869762,"4"
2,0.920728568290646,"4"
1,0.720878162866862,"4"
0,-1.04311893856785,"4"
2,-0.0901863866107067,"4"
13,0.623518161999544,"4"
2,-0.953523357772344,"4"
0,-0.542828814573857,"4"
2,0.580996497681682,"4"
10,0.768178737834591,"4"
2,0.463767588540167,"4"
5,-0.885776297409679,"4"
2,-1.09978089864786,"4"
10,1.51270700980493,"5"
3,0.257921437532031,"5"
2,0.0884402291595864,"5"
1,-0.120896537539089,"5"
0,-1.19432889516053,"5"
7,0.611996898040387,"5"
4,-0.217139845746521,"5"
5,-0.182756706331922,"5"
4,0.93334632857116,"5"
0,0.821773110508249,"5"
3,1.39211637593427,"5"
6,-0.476173923054674,"5"
1,0.650348560726305,"5"
3,1.39111045639,"5"
0,-1.1107888794479,"5"
0,-0.860792586877842,"6"
0,-1.13173868085377,"6"
0,-1.4592139995024,"6"
2,0.0799825532411612,"6"
2,0.65320433964919,"6"
6,1.20096537559849,"6"
1,1.04475108716773,"6"
0,-1.00320864683985,"6"
3,1.84848190167275,"6"
0,-0.666773408757817,"6"
0,0.105513812456069,"6"
2,-0.422255881868856,"6"
1,-0.122350171954971,"6"
0,0.188193034501498,"6"
2,0.119160957997006,"6"
2,-0.0250925508674029,"7"
2,0.108072727942033,"7"
0,-0.485435235846668,"7"
3,-0.504217130687904,"7"
0,-1.66109907991481,"7"
1,-0.382333726873818,"7"
10,-0.5126502578778,"7"
135,2.7018910003448,"7"
1,-1.36211623118972,"7"
0,0.137256218558607,"7"
1,-1.49362506731629,"7"
1,-1.4704357414368,"7"
0,0.124702386197007,"7"
0,-0.996639134884037,"7"
11,-0.0018226143047082,"7"
2,-0.428258881425815,"8"
0,-0.613671606449495,"8"
0,-2.02467784541911,"8"
0,-1.22474795035999,"8"
1,0.179516441117938,"8"
3,0.567620594423535,"8"
0,-0.492877353553475,"8"
0,6.28840653511241e-05,"8"
10,1.12288964337997,"8"
6,1.43985574297619,"8"
1,-1.09711376840582,"8"
2,-0.117319560250177,"8"
1,1.2014984009197,"8"
0,-0.469729580566301,"8"
3,-0.0524694849389963,"8"
3,-0.0861072982370896,"9"
1,-0.887679017906432,"9"
5,-0.444684004884738,"9"
8,-0.0294448790882381,"9"
4,-0.413868849057924,"9"
10,1.1133860233682,"9"
9,-0.480992841653982,"9"
8,-0.433169032600729,"9"
18,0.696862576552103,"9"
5,-1.05636841317091,"9"
2,-0.0406984751512149,"9"
1,-1.55154482234759,"9"
17,1.16716954923568,"9"
10,-0.273645701374081,"9"
13,-0.467845324672254,"9"
0,-1.23825232798621,"10"
3,-0.00776203377732663,"10"
0,-0.80028217795166,"10"
1,-0.533492329950436,"10"
10,1.28767524558459,"10"
1,-0.175525870242127,"10"
1,-1.07178238415068,"10"
2,0.163206882467382,"10"
1,-0.36273841562795,"10"
1,0.590013547987339,"10"
5,1.43242192773099,"10"
0,-0.992692511109493,"10"
1,0.454650297580283,"10"
2,0.0848980586784873,"10"
4,0.895565582264545,"10"
3,-0.229778138946266,"11"
6,0.836619068460613,"11"
2,-1.74505586133669,"11"
24,1.68945892131337,"11"
8,0.864777978518578,"11"
8,-0.150775988885748,"11"
0,-1.44900713013917,"11"
10,0.643008700041982,"11"
8,0.483193863814768,"11"
1,-0.00635562642138871,"11"
1,0.151455892862424,"11"
1,-0.584108970349804,"11"
3,0.368806732630242,"11"
7,0.294654339719516,"11"
4,-0.279259373342575,"11"
4,-1.33623665489315,"12"
4,0.700748818440034,"12"
39,0.554196622274033,"12"
0,-0.836306592801415,"12"
2,-1.59458816200624,"12"
4,0.204958580587634,"12"
13,-0.34508797797289,"12"
8,0.252611703364455,"12"
1,-1.29400246548455,"12"
4,-0.959170444380363,"12"
40,1.0857748536799,"12"
17,0.403774904715714,"12"
10,0.586487536719298,"12"
32,1.81522844615395,"12"
19,0.128821428602383,"12"
0,-2.00092923773151,"13"
0,0.33377719743357,"13"
1,1.17132512735879,"13"
3,2.0595392422993,"13"
0,-1.37686159824052,"13"
0,-1.15085556562711,"13"
0,-0.705821394760121,"13"
0,-1.05405578207719,"13"
3,-0.645743723142491,"13"
0,-0.185377967676503,"13"
1,-1.20122205073999,"13"
1,2.03697216698315,"13"
1,0.107774744885547,"13"
1,-0.0841081005055806,"13"
2,0.495619641604594,"13"
9,0.0374151861179653,"14"
1,-0.13208803695591,"14"
3,1.4767874235521,"14"
2,-0.217030210092104,"14"
2,-1.28360220409223,"14"
3,0.385667890443402,"14"
0,-0.351512873529092,"14"
0,-0.521796093356269,"14"
0,-1.06813120068717,"14"
2,0.428365903266692,"14"
0,-0.174018234426995,"14"
1,0.515667728648029,"14"
0,-0.234365277305921,"14"
1,-0.658503425821771,"14"
3,1.25023660407872,"14"
0,-0.271763715111397,"15"
2,0.947951995875196,"15"
0,-1.20158243010894,"15"
0,-0.466116096375502,"15"
2,-0.26935139515318,"15"
4,-0.390965408130861,"15"
0,1.34870701199171,"15"
1,-0.0227647012984126,"15"
4,0.24422585110345,"15"
4,-0.942371707863923,"15"
3,-0.729217276509574,"15"
3,0.998068908554848,"15"
4,1.25848166459556,"15"
5,1.2488636888101,"15"
0,-1.38063704952533,"15"
38,2.04996069363639,"16"
5,1.01687282979954,"16"
1,-0.0267174641382579,"16"
2,0.703607778798261,"16"
0,-0.971385229151864,"16"
3,-1.09615624155886,"16"
1,0.0490504509375971,"16"
1,-1.19849585655778,"16"
2,0.190018998559748,"16"
0,1.29770589960467,"16"
0,-1.03387372296475,"16"
0,-0.738440754213064,"16"
0,0.0465639394508634,"16"
1,-1.01759611982611,"16"
4,-0.383283959886278,"16"
1,0.872755411671398,"17"
2,0.969545013970117,"17"
2,0.383846665027094,"17"
0,-1.85155566306746,"17"
1,-0.0539967368261657,"17"
11,1.06477321433828,"17"
4,0.813195037411605,"17"
1,-0.190816474104282,"17"
0,-2.6999298085637,"17"
3,0.0609666388011166,"17"
0,0.573751697483578,"17"
8,0.0458035797250989,"17"
0,0.157412540175875,"17"
5,0.431565372868771,"17"
1,-0.396549736050212,"17"
2,1.30997822575155,"18"
0,0.470393399873943,"18"
0,-1.2426702705746,"18"
2,1.38157545638553,"18"
2,1.20445893700982,"18"
0,0.824073963681881,"18"
0,-1.66262940218559,"18"
0,-0.569306343605481,"18"
1,0.635513817289526,"18"
0,0.0437220075778579,"18"
0,0.348012303661307,"18"
1,2.45959354887041,"18"
1,-0.818380324399669,"18"
0,-2.11320011492914,"18"
0,0.273695272430415,"18"
0,-0.687596841243412,"19"
3,0.446041052961866,"19"
1,-0.812384723790597,"19"
2,2.21205548033514,"19"
1,-0.12370597157743,"19"
1,-0.477335506030052,"19"
0,-0.166261491486608,"19"
1,0.862563383626431,"19"
0,0.0973404852028189,"19"
0,-1.62561673921129,"19"
2,-0.0046207678264578,"19"
0,0.760242167662055,"19"
0,0.0389909128725626,"19"
1,0.735072141614441,"19"
0,-0.14647262699887,"19"
3,-0.0578873353812826,"20"
11,0.482369466104533,"20"
46,0.992943636775734,"20"
3,-1.24639549803204,"20"
0,-0.0334875248456097,"20"
3,-0.0709621812499963,"20"
7,-0.75892065373095,"20"
0,-1.03435936093915,"20"
2,-0.630731953970819,"20"
21,0.586807720012995,"20"
5,-0.416322656183652,"20"
3,-0.784887809505321,"20"
3,0.163416319486097,"20"
1,-1.23671423510935,"20"
11,1.04587377623667,"20"
